,SP,CD,IR
SP,1.0,0.5996098095329726,0.6574043142032394
CD,0.5996098095329726,1.0,0.6076222078844399
IR,0.6574043142032394,0.6076222078844399,1.0
